notice_id,manual_decision,bd_owner,relationship_owner,salesforce_action,prime_sub_team,manual_notes,last_reviewed
a8189b94ad964e23a0fa8da6e320078d,,,,,,,
ff37ddb0056c4a8c9c6b80b323f1b083,,,,,,,
abc4faef8a1a4e338ac539ecdba0c7c5,,,,,,,
f57a171fb0a944a2bb0d4ec5d42da06d,,,,,,,
fb926d1dcd944f30b2b79ed0a6bccc33,,,,,,,
fe5391adaf3a471e943ed6b938446756,,,,,,,
90ec363c14ad43f19c16e2257611db71,,,,,,,
6e7ccd10cce9499f88d395a7fc6f5da0,,,,,,,
f3a8f12227e147eea3bca252cd8e481a,,,,,,,
7c4d4753345247ac8f39a045904931ba,,,,,,,
b57f637ea55c423e84cf0c58e252ed88,,,,,,,
f0d395ab6ceb448992e5c41683b1ab9f,,,,,,,
8e1d28c0ea2e49f5a3e41e401430555f,,,,,,,
fa84b2a7be5043009a12bc75a120581e,,,,,,,
f7f65adb0fea456d844c0b85c25ee106,,,,,,,
f20c6e53f9394f1a80d61c7f51405247,,,,,,,
bd4b1bf8b1da455a9faa6b415488b26d,,,,,,,
d618890a0f39444b886917ecb367236f,,,,,,,
b8b860b6fa0249c4b35e07827aab4ff5,,,,,,,
f59be6d594964ce08ae1952912dfeab4,,,,,,,
fba575c996d74b85a828ad282d1cc9bb,,,,,,,
fc770fc7610e451cb77aac7895e174d2,,,,,,,
93693bba865241a797ece5178aaa9cc0,,,,,,,
9b48a53212464207b5c9e83c9dc27a8f,,,,,,,
ff54ee27e1b94a52b929f95a213e303c,,,,,,,
f85e3783cc8f4ca2869d6cc55cd0c47c,,,,,,,
85c099b30be440bea7b289b2db1579bc,,,,,,,
e641b27bdb354e79b1ac0b539942a559,,,,,,,
f181715de43b40829f4b4c432d5a631e,,,,,,,
9ce26b1b9bee4299bec0c807b7c55ce7,,,,,,,
db44618c498c43f7b1c5c22d5a926124,,,,,,,
fef0c44657ec4324aebc7e5adf83ff2f,,,,,,,
c7b6d8b946464658a32d474cd657b00a,,,,,,,
70b18df900844dc6b074fc48a415689c,,,,,,,
ff214b97d8e8439c9ba06c901fad288e,,,,,,,
f8f7d92afffd4d179755828596dca5a9,,,,,,,
993df9a2edec41e3bb391eeab336d2a8,,,,,,,
7aa228e328eb4096b6d7c2a949d26888,,,,,,,
8ff3a32dc60c4a9c950fcf5e744b51f7,,,,,,,
c3ea21b5895a4a24bcec01b8f34d3f45,,,,,,,
b3ba90167fe047249cfd5f4fe9f0cd98,,,,,,,
fdbb698a3d8145e7ab27cab03378ce33,,,,,,,
fa39470b96984373a4761ea728adbc7e,,,,,,,
f365152f8a714394b53558901d5b0134,,,,,,,
fab0e89d9e6c4e58bd2ab3271b5573c4,,,,,,,
f220773df362443eacfd110af765f534,,,,,,,
fd29fe38756f46548730d0d2ab4db582,,,,,,,
f0b324ccad364822b572289fde4a21b0,,,,,,,
7fbb85939f9642cba5a1688b165354b1,,,,,,,
6ae92de553a8429f8948d48fc33292d5,,,,,,,
9d61363acc214e298153f6a1904a7cc6,,,,,,,
fafb7d4b6384427aa054f4b66375c71a,,,,,,,
f0bd301852fb404c8141e597d41d2c6b,,,,,,,
fab8453177f743c1b4968168835a5e85,,,,,,,
f1dc256b427c4d2eb452c9fedabc57d0,,,,,,,
fae4033f7939464dae055d0cef1e0212,,,,,,,
fbd97d9824334ae6898df16090fc9d3e,,,,,,,
fe9415bae86f44879bd3a94c1f0cd4bb,,,,,,,
f9f14118f60d4e01b5dd36ab0158e700,,,,,,,
f41f6cb80ed84cceadfb73e563f29959,,,,,,,
f26de91f6f104541ad45bf0296512d81,,,,,,,
fd47e310fbf7469f90e760acb935c2bf,,,,,,,
f4dd07bc23524f1c8e66df55ee05200d,,,,,,,
fc2b94547ed74e428ec51e589b47ea78,,,,,,,
f9f8cf757144410e98c9158fa0526df1,,,,,,,
f834b0cf74f24b13887370b61030d31d,,,,,,,
fe93f736ad73417a9ca69e2b89af783a,,,,,,,
f5ce87a34c024e688f14f13f993fe6ec,,,,,,,
f2b3b6521f3c4449acf2e2b60396007f,,,,,,,
f9ffd0411b4e47dbb4f471f2bfc46dcf,,,,,,,
f197a445d89b4b4db33079ca886b2d7a,,,,,,,
f08d9b99e4dd44ddac790318a16f3080,,,,,,,
fa5ceaab6c2e4d8aa30f0f9a6ef0f323,,,,,,,
f96c1b1388a04f84b50d5d197aad4ab5,,,,,,,
f3e1322332d24ab89cb420db0a115d40,,,,,,,
ff1c2009c7914bd69e4c1ca4a1a57e07,,,,,,,
d4cfa69f279e43cb9cbcb0ebb5157357,,,,,,,
7f6d64ffaffd440996548a4b8cea7478,,,,,,,
ffa88191ac7c4c34a6076018730e6cb7,,,,,,,
f1977bd17fdb4ab4b2caf6e1588c4049,,,,,,,
95e5d18865424eed959614ebc45d19dd,,,,,,,
72c9f511e63b4938b8c21e4b5d384698,,,,,,,
f8b0e5282ec04b3db5b6dca79361a608,,,,,,,
c63c0b0db67f466293bbf19ee670783a,,,,,,,
f8b824fb7dc04064803803aaaf9cd2f6,,,,,,,
7d9caafcf27c42dd9374a0108ad0feb8,,,,,,,
92ab8089147d4e72b3b9eec3658511c5,,,,,,,
7889ed601a8c46edb56f25f69087a166,,,,,,,
dfb76a2c6b944d1f8da0130d3c9ef66e,,,,,,,
f51c5ef85eed4b82be979318f4070fa7,,,,,,,
f4ea59dc4fef475aa5bd50999439fa32,,,,,,,
f381a699e9734707a6fd77cd0552823f,,,,,,,
f460a21db0c041b5bccb6d9e557a3539,,,,,,,
f7f1a80d0d1a450493a8bd29193d38d3,,,,,,,
f0bbacbb345042219a5aabd3a9b30fd1,,,,,,,
fa25d875794f4ca09ad490d9364adf89,,,,,,,
f19edc7c3126428291de2a9a9ae8c8ab,,,,,,,
f9ff06ecafe44e9297c4987274841bfc,,,,,,,
f89622aec4d64c158dd2291443b1211f,,,,,,,
fc30b3ad76ac4b659a9d8fcb5ccaf009,,,,,,,
f2dd5eecca19469e92f014f6184b2894,,,,,,,
f459aea1f24f4056b42893f4a1836957,,,,,,,
f926125f9b054c559b0654ccf3a39ab3,,,,,,,
f4db686d89a6450db40c9d21264727da,,,,,,,
f8682dcb94f94e318902a247570ebad4,,,,,,,
f4775bde607f43769d8caddc34ec3a7a,,,,,,,
f0151fef67fa4a7eb7d85023378b0503,,,,,,,
f36b2d5614be4013bee0819fed12b14b,,,,,,,
f08d078c0cd34c2c8649d798051e54f7,,,,,,,
ff9dee52068f46daa2310acec0bd7f1b,,,,,,,
ef94ae08a27f49cdac5bbf6531ffafdd,,,,,,,
7aaf1db917fd4edcb581233581e28eb8,,,,,,,
eed788347e1f4354ac71fde99ff810ba,,,,,,,
fb92530faa4a42f2b6d485cb57ca9809,,,,,,,
be7d057ec2bd4e038ff65ffed05811f2,,,,,,,
696b7cca9cdf4f2a803b8710a48cab12,,,,,,,
dc0b66a4ce6e4ee1a3ee3f20b2d4f907,,,,,,,
86382410b7c84713973612aff6df4272,,,,,,,
6b1477b2de134a8ca5e178829bdeb1ff,,,,,,,
fc5ba9e0fe8247b8ad4e36a3311f6253,,,,,,,
76ad3e37e7bc4c17b95dd5d5aaa59ed2,,,,,,,
af08229a37714478a925b8570a8c1c31,,,,,,,
f74c006ae4924d47b801fb3fa8690bab,,,,,,,
965d7db1ab944ff48975b537629cbfbc,,,,,,,
c855c0cdffbc477496a15d93973c2849,,,,,,,
f368fc83e2294817baa9f9c66ac466ea,,,,,,,
fbd3f687f8854f76979431c218eab239,,,,,,,
ff178cbf0d554c129a3a42cbad3ff3c3,,,,,,,
f48b78037dc64fd7997641f3b5e39e5a,,,,,,,
8c34d56922cf46788dcbf3ebdbb856b4,,,,,,,
ae42d2a444d14e78af14a4abc9e200ce,,,,,,,
fe1bb483b75545539ca6fbff1399dd81,,,,,,,
ff013c3036c444f68cb7fc7425e699f0,,,,,,,
fc330f79b83147c9abe47689cbea66be,,,,,,,
ff848c17917a44bfa8676ef7e198e99c,,,,,,,
f8ae350b00c24bd4b10d495f54e3c7c9,,,,,,,
fbecbc69ffc742beb07a4685594d20e7,,,,,,,
f20bf5bc02de42129eb48c2bb2150802,,,,,,,
fb514b333bed478b8bffc0d10919d2f2,,,,,,,
f2de0277d9154ea0807f676cfaac1710,,,,,,,
f7b753de9bcc454aa3311746679ca502,,,,,,,
fb6421c451b74bdfb47448dc50698abc,,,,,,,
f83250604d4a43f98c40dc4c2a74eae0,,,,,,,
fccc21c0de20489da156a5e3d761920e,,,,,,,
f0c4f49f136945d7b33d7314f4dd21ce,,,,,,,
f5c97826a1194008a96e888c25eb4920,,,,,,,
f430c29e36de48ae925efcf74410fc4f,,,,,,,
f0b9c8818ca047b18f85c57e8c5cc823,,,,,,,
7813befa102c4d208640cc4553db010d,,,,,,,
a3d6a09a7f684024bbb985ce1d978072,,,,,,,
dc49a89b51b14474956dbc0e28a3db4c,,,,,,,
82f33b488d1341d2bbf804d8662ae6b4,,,,,,,
d3118f96265c4a58a651ecc880788a9d,,,,,,,
f953490c298047c4a4abf459703201ed,,,,,,,
ee6f359b2669467189a5b07a5f6d7c9b,,,,,,,
f6c216362c6d4552b96c27dbb62635ce,,,,,,,
d2dd37d73b7d4502ba2b0a4e28a3395a,,,,,,,
eb445c9ed18a4a95844abee2a0f482b2,,,,,,,
d389488f643c46b781394dda2c36b5a9,,,,,,,
ffc43731422c47ee954a087cb41a84db,,,,,,,
e217a3c02bb343aaba8a7817dc87461b,,,,,,,
9a7b87f1072b4f8f80ec26e7361faf29,,,,,,,
db8dee7597164149ad23e6a9557d7a95,,,,,,,
d6d404b8fcd147deab593cf4415eca4e,,,,,,,
d2fc753246c346b5976b17094d1f58b7,,,,,,,
e7b5c3e6d363480c976831abd81418a7,,,,,,,
e9082e70fb254b159e8aa9594ea1c7fa,,,,,,,
eb0bb19d506949a197c2df26a9b508a7,,,,,,,
d3c4b0280b2b418c8e545a394f7877b4,,,,,,,
ebc6ef9351b54581938f615eb7a1f786,,,,,,,
d67ca57da5e14434952f24c2a29df8e3,,,,,,,
dbada325e4b441928977612d6f21aab5,,,,,,,
d85d107bf41147c5aa06e592cacd66e7,,,,,,,
e9f25b04d2514c6dac904ca12375f66d,,,,,,,
d4fd68dfd29e489a9981b93f55502cc7,,,,,,,
de0dbc32f91c4d15963571bbc418a70f,,,,,,,
ec613d3e69844ac8b13e8afd061be625,,,,,,,
ed63224afce34e10ac755fb673653704,,,,,,,
ec8429488c7c4259a3b53b4d31a8f87e,,,,,,,
e1e27ef05ae9475abad953c336750821,,,,,,,
d6eec78681a94916ae12fa48ff9c182c,,,,,,,
d4a2e67cde7f4e659fee7cb12dcf675b,,,,,,,
d3a00cc87d694bd6969bfb76f59eb679,,,,,,,
d4f75f84643d47a3bcfd4bf106255e93,,,,,,,
d311d3174cc14787acbd75d96fc57619,,,,,,,
f1376562261b430dbfa0ad9d53d3b281,,,,,,,
f32d99e26f594e7d8a8164f1644049b5,,,,,,,
d7eaea484d34448788d4b7f3748cd41e,,,,,,,
8b644f563fe742389227adc67dedac45,,,,,,,
2d66b70ab28648b1b3b91b87d09a8068,,,,,,,
114ed73bb9564c69a0fa7ec61b0defe0,,,,,,,
e745d8f0885946fcbbc47d4230ee3b9c,,,,,,,
eb986047b65846b4a38c573d8beb633e,,,,,,,
ff6e9d58486542879c12695a2fdf9595,,,,,,,
ecd9e0619a8b487a959e8a9fc1824bb6,,,,,,,
f5c9dc6ab4cd43db859fda3b1d9bc5d1,,,,,,,
65fb665221a44f5683acacbbf8233a07,,,,,,,
476008224e0b4f08ac087807c7395450,,,,,,,
cef69963a38f4060b5422e900ee63da3,,,,,,,
5c9ae2bf3a554b8fb81a356c9346f318,,,,,,,
bf0f71b908f647bbaa292a6a6c7bf6e0,,,,,,,
e980490565f2421cb537695f1bd46200,,,,,,,
9861139f52264778b887fef4dcf3cef9,,,,,,,
af5fa8be0dee45439ef070f17d632051,,,,,,,
e9cdd2016e9c4801bf363b69aad68e59,,,,,,,
f4bae570d9ff410e85288eeeab4c3dfa,,,,,,,
e5e31cbeb3b749fa8d5adfc7325bffcd,,,,,,,
e92559aadc3e4e5e9ca2b0542e1f28f7,,,,,,,
fa0c9d0c1260470dbe34750fec465611,,,,,,,
fb1f1c20ea964462b28487622988fce7,,,,,,,
cc5c24186b9e4a76a508f7d408a19315,,,,,,,
ef51d6138ac24ab482d36e534ca9bfab,,,,,,,
b0fb635ce3bc4c669f6d4b0e7e8fef7a,,,,,,,
0a3f17f988d5458fa61e6e80b63e292e,,,,,,,
986c0ba6f0724d06a710837dab3c6214,,,,,,,
d475f033928846d2a8ab53c21f2d2f9f,,,,,,,
d8e2a1776507432d92f078af093222fb,,,,,,,
d58a9a80011147a9a465e2581e2eb074,,,,,,,
dbd3228aa0a34eceaa84af212b8ec909,,,,,,,
c901f3d7aeb5402785b182488be7e50e,,,,,,,
1fe62e9148574e6d97003948de7b65e9,,,,,,,
b8d0b4d61d6742c480682e020476a2d0,,,,,,,
d2bc056860614e97a112cdad67822953,,,,,,,
e52db6d6d774491eb12c6c606f007ff1,,,,,,,
ddd1d2dd55474534a5f204efa280a6ef,,,,,,,
ca68740ede7c4f66adb5bfe560959970,,,,,,,
aad0876580dc4d1aad02e048439b2a95,,,,,,,
8bd88f3fb41f4f1dbd8ab77b002f390e,,,,,,,
efb1928580dc4cd38a1121036628d0e3,,,,,,,
b44eacf3fc2144b69075944189e14ef7,,,,,,,
f5600b15bb184416a727110fe4a8cd3e,,,,,,,
220afdbd27c944ca92e54caff02de3d5,,,,,,,
f17afc24322a4230919abaf8589ee91e,,,,,,,
2069793b7c4f46cc9167a461c486ec76,,,,,,,
f34513dc3a5a4d3c8cdf4bb6235e34d6,,,,,,,
dfb0cbbf7283407c88087025c197ac82,,,,,,,
8511bee1e4af4961b20d0f838e7b4fbf,,,,,,,
ed7e043dad2043e782220fe884e402dc,,,,,,,
fc8e2b68946f4bff940f03a523fead75,,,,,,,
ff94b4f2d1a7418088d855feec8c50d9,,,,,,,
83dfc9d8b2f3430f9a7de117ad952289,,,,,,,
99fd52b1477c40b0a125e850809c420a,,,,,,,
d613ad471f814d998a27dd5706a180b1,,,,,,,
b878c8b695924018a8f8327887614064,,,,,,,
dd431bfa840e4b0da564a940aefabdd5,,,,,,,
d23c1e1b8de549c5ba8aae49434cdc06,,,,,,,
f2a58c8a751a4c0594a70c5acc0254a1,,,,,,,
d6bd515cda4e4365a5d9b06e61e7f822,,,,,,,
d1b2874dbf2f48e0ab314b16a971a760,,,,,,,
2fe629c760f741af8090289e05745767,,,,,,,
22462e3aaa9f41829b00ed855afe6c16,,,,,,,
6d2e792fa9ed495fbd5572fd58c7a38d,,,,,,,
a2402cd969434abb93a0b1be6758c081,,,,,,,
c9d312559b09495ea79d0070d9f05fdf,,,,,,,
cc2e679d323540a08d1a92a3471a00f1,,,,,,,
cbd419666bba4df78b9fd4265e16714e,,,,,,,
d26b96913b9c4c00a958c950ea8c960e,,,,,,,
ce4b87ebf3874a20bc7759cb1125906c,,,,,,,
bc1dec9873af4be3887caa0dec5cca72,,,,,,,
fc06a1bb352e4c988f0797913d1849a4,,,,,,,
ac0af3fb45174d0b9f56cc16554b01ff,,,,,,,
fce4f184e5de49d1b893aa5e6c418d49,,,,,,,
b64ea81f487942489edb91c81857b0f9,,,,,,,
c2c76c3910e743a2b5a18f5f134a78bd,,,,,,,
bb2d47bcd8254c84bcd717f65cceb8f4,,,,,,,
b2e278e92f054e9a80b43b2ea7e1da00,,,,,,,
de7eaf3d26f34d1d9b40e65ecfa70fa2,,,,,,,
c34c5076c50e4824bb48b3060d703951,,,,,,,
e047739af1684f3aab475fb53794e020,,,,,,,
c65d0d8f55414075bac686987cd9c9bd,,,,,,,
fadd213d7d6741ab9133ffa12dfa4528,,,,,,,
bf553e27e66e48a29b3814b6fbc62709,,,,,,,
b45029ad8c8d4ae8abb5c1d822bde6f1,,,,,,,
95760ec162ca4043ac73b83738f1643e,,,,,,,
f2cdc8e5cfd640bbad268e778f8c78b0,,,,,,,
e238b7e0cae545f290a8202861a47c47,,,,,,,
dc9aea7bef9842de8ceb946545f3e31e,,,,,,,
f4ca9b78592a43ceb62ea84032adec45,,,,,,,
ab4284a125e34347ac6631d7cf43b776,,,,,,,
d2390577aaa145828e07c4512c62cc4c,,,,,,,
df90cc090a614f0ab5a292ea3e7d78b2,,,,,,,
cf079c1189dd4bc69d82ce9dcb55b5a3,,,,,,,
f8e98c510fc94aa899d74ff02ea7a9ed,,,,,,,
df932ef4991e4ef4a6359bf32e3b817d,,,,,,,
b3d559c86a2e430eb259916eaa90ba64,,,,,,,
7faeff6a950f45cf802273040034a66e,,,,,,,
d3bdb11d736f484788810680cad4a309,,,,,,,
ee75d1a740de4d08ab7edb2453db60b4,,,,,,,
86406bc6e1dc4a8789ef1790236d21ad,,,,,,,
9bfc45f3b0494af6b1036684d16f7854,,,,,,,
a04f9622ca394600bfd3374f6bbd43d0,,,,,,,
e8f12891d07f40ea8344a27d5fd5661e,,,,,,,
ab67a3f6c479422c933185ba47b82ed0,,,,,,,
c984c4180da54d728c550039fb25ba5d,,,,,,,
abeb28aa546144589800d5d28ef0ea6d,,,,,,,
a219e4d4a6994bcfa4d2c89a3b67ceac,,,,,,,
fea45288d7f34271866c5127b86aa318,,,,,,,
dbfde1b8fbda48c787a29a056c83b868,,,,,,,
f5d7441eefbb423bbdd9cadbf725f8fc,,,,,,,
fb72ee62c6b044fe8ca19c2c82a3e6ab,,,,,,,
c79948fe874446478872e5247fecee0e,,,,,,,
e5897934dd224133aa2b32045c504d47,,,,,,,
d239dcebe4ea4cc19cad0033f1d623ba,,,,,,,
92ff3f4f5b8040bd9ec30876af6fc8d4,,,,,,,
f84ad3a35a46438a80a0b02c80f269c3,,,,,,,
dd80beb700064228bce842d4c7309456,,,,,,,
9c0e4a1e49104378a7f29fd7910e9c83,,,,,,,
99ae20f3c0694816aed7fbf0a7cade5c,,,,,,,
a429d9d42659454ea880bbf5b8e710a5,,,,,,,
9ddb8ed475a0425ea1ce43293c516c18,,,,,,,
f88e596d7f47450ab8f40d87d6eee12e,,,,,,,
b703f1808ede4686bbe6c0c8d382c99b,,,,,,,
d6cdaab844204c96a9ce436d72929ed9,,,,,,,
